asset;signal;confidence;live_range_z;flip_strength;flip;overlay_alpha
sp500;0.12695237319432834;0.6533523190670408;-0.6313343386589877;0.0;False;0.001360809437212556
gold;-0.46569186471462853;0.361404843204754;1.1795548236879698;0.35078612150498606;True;0.001360809437212556
bonds;0.021001343720282752;0.4976090770886129;-0.14701813166598682;0.0;False;0.001360809437212556
sp500;0.14319718855548935;0.6696672664277165;0.10807761492219395;0.0051123650202574665;False;0.0018500982617150274
gold;-0.4712110586609449;0.16129080378231916;1.0904143129375738;0.4309416028233996;True;0.0018500982617150274
bonds;0.002897411884574991;0.4652148306524423;0.2028872026872939;0.00031437228115271677;False;0.0018500982617150274
